,정류장_ID,정류장_명칭,정류장_유형,정류장_번호,위도,경도,geometry,sgg_oid,jibun,pnu,index_right,ADM_DR_CD,ADM_DR_NM
5018,274000018,잠실대교북단(경유),일반차로,78449,127.088565,37.528817,POINT (127.088565 37.528817),96951,753-3도,1121510500107530003,77,1105065,자양2동
2942,277102301,잠실대교북단(경유),일반차로,78353,127.090492,37.529313,POINT (127.090492 37.529313),96289,701제,1121510500107010000,77,1105065,자양2동
5017,274000019,잠실대교북단(경유),일반차로,78450,127.090479,37.529354,POINT (127.090479 37.529354),96289,701제,1121510500107010000,77,1105065,자양2동
69003,104900116,행운슈퍼앞,마을버스,5572,127.08701,37.53295,POINT (127.08701 37.53295),94599,682-15대,1121510500106820015,77,1105065,자양2동
69005,104900114,성자초등학교앞,마을버스,5562,127.082256,37.5313,POINT (127.082256 37.5313),95777,652-31대,1121510500106520031,77,1105065,자양2동
69007,104900112,국민은행자양지점,마을버스,5551,127.079239,37.531986,POINT (127.079239 37.531986),95337,606-10대,1121510500106060010,77,1105065,자양2동
69012,104900107,한창주택,마을버스,5588,127.089119,37.533715,POINT (127.089119 37.533715),94142,724-3도,1121510500107240003,77,1105065,자양2동
69013,104900106,한창주택,마을버스,5576,127.089136,37.533614,POINT (127.089136 37.533614),94178,694대,1121510500106940000,77,1105065,자양2동
69099,104900019,구의역4번출구,마을버스,5580,127.084837,37.536654,POINT (127.084837 37.536654),92569,216-10대,1121510500102160010,77,1105065,자양2동
69102,104900016,행운슈퍼앞,마을버스,5589,127.087046,37.53307,POINT (127.087046 37.53307),94159,723 도,1121510500107230000,77,1105065,자양2동
69133,104000291,동서울우편집중국앞,일반차로,5192,127.084408,37.535282,POINT (127.084408 37.535282),93237,680-68대,1121510500106800068,77,1105065,자양2동
69223,104000106,구의역3번출구,일반차로,5199,127.088289,37.537519,POINT (127.088289 37.537519),92032,781-3대,1121510500107810003,77,1105065,자양2동
69224,104000101,자양동잠실대교북단,일반차로,5194,127.085851,37.53212,POINT (127.085851 37.53212),95076,732-3도,1121510500107320003,77,1105065,자양2동
69225,104000100,자양아파트앞,일반차로,5193,127.084673,37.531973,POINT (127.084673 37.531973),95341,679-16대,1121510500106790016,77,1105065,자양2동
69226,104000098,국민은행자양지점앞,일반차로,5191,127.080739,37.531531,POINT (127.080739 37.531531),95617,636-5대,1121510500106360005,77,1105065,자양2동
69227,104000097,자양미소약국.자양골목시장,일반차로,5190,127.076871,37.5327,POINT (127.076871 37.5327),94782,608-7대,1121510500106080007,77,1105065,자양2동
69228,104000096,신자초등학교앞,일반차로,5189,127.075013,37.530369,POINT (127.075013 37.530369),96414,591학,1121510500105910000,77,1105065,자양2동
4549,274116390,천호대교북단(경유),일반차로,78253,127.10795,37.544258,POINT (127.10795 37.544258),91230,555-4천,1121510400105550004,75,1105063,광장동
2940,277102303,광나루역(경유),일반차로,78355,127.104251,37.544694,POINT (127.104251 37.544694),91245,218-22대,1121510400102180022,75,1105063,광장동
4550,274116389,천호대교북단(경유),일반차로,78252,127.107619,37.54447,POINT (127.107619 37.54447),106509,190-3 도,1121510400101900003,75,1105063,광장동
5015,274000021,올림픽대교북단(경유),일반차로,78452,127.100367,37.537977,POINT (127.100367 37.537977),91484,574-11천,1121510400105740011,75,1105063,광장동
5016,274000020,올림픽대교북단(경유),일반차로,78451,127.100058,37.538206,POINT (127.100058 37.538206),91490,574-1도,1121510400105740001,75,1105063,광장동
68993,104900127,광장자이아파트,마을버스,5671,127.094727,37.542369,POINT (127.094727 37.542369),91345,535-3도,1121510400105350003,75,1105063,광장동
68994,104900126,광장자이아파트,마을버스,5990,127.094911,37.542167,POINT (127.094911 37.542167),91345,535-3도,1121510400105350003,75,1105063,광장동
69001,104900119,한전삼거리,마을버스,5992,127.098019,37.545241,POINT (127.098019 37.545241),106453,414-1 학,1121510400104140001,75,1105063,광장동
69002,104900118,청구아파트앞,마을버스,5993,127.096182,37.543261,POINT (127.096182 37.543261),91320,566대,1121510400105660000,75,1105063,광장동
69108,104900010,청구아파트앞,마을버스,5670,127.096794,37.54239,POINT (127.096794 37.54239),91320,566대,1121510400105660000,75,1105063,광장동
69008,104900111,청소년수련관,마을버스,5738,127.105432,37.546013,POINT (127.105432 37.546013),91073,303-2도,1121510400103030002,75,1105063,광장동
69149,104000269,광진청소년수련관,일반차로,5265,127.105375,37.545951,POINT (127.105375 37.545951),91073,303-2도,1121510400103030002,75,1105063,광장동
69009,104900110,워커힐아파트입구,마을버스,5584,127.106626,37.54792,POINT (127.106626 37.54792),105413,331-9 도,1121510400103310009,75,1105063,광장동
69010,104900109,신동아아파트,마을버스,5519,127.105232,37.546319,POINT (127.105232 37.546319),91025,551도,1121510400105510000,75,1105063,광장동
69011,104900108,광남고.삼성아파트,마을버스,5732,127.101749,37.542343,POINT (127.101749 37.542343),91341,453-1대,1121510400104530001,75,1105063,광장동
69046,104900073,현대3.5차아파트,마을버스,5728,127.100352,37.540779,POINT (127.100352 37.540779),91424,554학,1121510400105540000,75,1105063,광장동
69052,104900066,광나루현대아파트,마을버스,5740,127.107753,37.546694,POINT (127.107753 37.546694),90824,567대,1121510400105670000,75,1105063,광장동
69118,104000307,광진구민체육센터,일반차로,5298,127.107798,37.546867,POINT (127.107798 37.546867),90824,567대,1121510400105670000,75,1105063,광장동
69054,104900064,한강호텔입구,마을버스,5742,127.109315,37.548275,POINT (127.109315 37.548275),105567,320-4도,1121510400103200004,75,1105063,광장동
69061,104900057,한강호텔입구,마을버스,5509,127.109452,37.548455,POINT (127.109452 37.548455),105567,320-4도,1121510400103200004,75,1105063,광장동
69064,104900054,광나루현대아파트,마을버스,5514,127.107587,37.546722,POINT (127.107587 37.546722),105567,320-4도,1121510400103200004,75,1105063,광장동
69055,104900063,워커힐팰리스,마을버스,5744,127.109672,37.550013,POINT (127.109672 37.550013),90382,125대,1121510400101250000,75,1105063,광장동
69060,104900058,정보도서관,마을버스,5504,127.110462,37.550249,POINT (127.110462 37.550249),90302,141-2도,1121510400101410002,75,1105063,광장동
69068,104900050,광남고.삼성아파트,마을버스,5528,127.101418,37.541948,POINT (127.101418 37.541948),214630,453-7 도,1121510400104530007,75,1105063,광장동
69072,104900046,현대3차아파트,마을버스,5533,127.099649,37.540465,POINT (127.099649 37.540465),91436,486-1도,1121510400104860001,75,1105063,광장동
69098,104900020,광장중학교앞,마을버스,5578,127.102402,37.54679,POINT (127.102402 37.54679),106390,248-22대,1121510400102480022,75,1105063,광장동
69100,104900018,장신대앞,마을버스,5581,127.105227,37.547539,POINT (127.105227 37.547539),105388,250 대,1121510400102500000,75,1105063,광장동
69101,104900017,워커힐아파트,마을버스,5587,127.107588,37.550004,POINT (127.107588 37.550004),90245,145-8대,1121510400101450008,75,1105063,광장동
69103,104900015,워커힐아파트입구,마을버스,5591,127.106475,37.54809,POINT (127.106475 37.54809),90752,331-1대,1121510400103310001,75,1105063,광장동
69105,104900013,장신대앞,마을버스,5595,127.105132,37.54763,POINT (127.105132 37.54763),90873,287도,1121510400102870000,75,1105063,광장동
69106,104900012,광장중학교앞,마을버스,5597,127.102489,37.546948,POINT (127.102489 37.546948),90983,395-2수,1121510400103950002,75,1105063,광장동
69107,104900011,한전삼거리,마을버스,5600,127.097966,37.545443,POINT (127.097966 37.545443),91134,401-21수,1121510400104010021,75,1105063,광장동
69110,104900008,금호아파트앞,마을버스,5673,127.093844,37.543284,POINT (127.093844 37.543284),91304,533-2도,1121510400105330002,75,1105063,광장동
69247,104000072,올림픽대교북단사거리,일반차로,5165,127.093688,37.543389,POINT (127.093688 37.543389),91304,533-2도,1121510400105330002,75,1105063,광장동
69119,104000306,광나루우편취급국,일반차로,5299,127.106392,37.547557,POINT (127.106392 37.547557),106526,328-2 도,1121510400103280002,75,1105063,광장동
69148,104000271,워커힐아파트.광장동,일반차로,5172,127.106715,37.547896,POINT (127.106715 37.547896),106526,328-2 도,1121510400103280002,75,1105063,광장동
69120,104000305,광진구보훈회관,일반차로,5298,127.107723,37.547735,POINT (127.107723 37.547735),137188,325-2 도,1121510400103250002,75,1105063,광장동
69127,104000298,광나루역,중앙차로,5011,127.103282,37.545508,POINT (127.103282 37.545508),91137,238도,1121510400102380000,75,1105063,광장동
69241,104000078,광나루역,일반차로,5171,127.103229,37.545614,POINT (127.103229 37.545614),91137,238도,1121510400102380000,75,1105063,광장동
69128,104000297,광나루역,중앙차로,5012,127.103268,37.545177,POINT (127.103268 37.545177),91170,237-12도,1121510400102370012,75,1105063,광장동
69138,104000282,워커힐호텔,일반차로,5753,127.110386,37.554104,POINT (127.110386 37.554104),90153,5-36임,1121510400100050036,75,1105063,광장동
69139,104000281,워커힐호텔비스타워커힐,일반차로,5745,127.110266,37.554242,POINT (127.110266 37.554242),90153,5-36임,1121510400100050036,75,1105063,광장동
69239,104000081,워커힐입구,일반차로,5174,127.108723,37.550613,POINT (127.108723 37.550613),232241,145-2 도,1121510400101450002,75,1105063,광장동
69240,104000080,워커힐아파트앞,일반차로,5173,127.109026,37.550496,POINT (127.109026 37.550496),106138,121 대,1121510400101210000,75,1105063,광장동
69242,104000077,광나루역,일반차로,5170,127.103305,37.545094,POINT (127.103305 37.545094),91199,580대,1121510400105800000,75,1105063,광장동
69243,104000076,광나루역.극동아파트,일반차로,5169,127.103086,37.543917,POINT (127.103086 37.543917),224241,236 도,1121510400102360000,75,1105063,광장동
69246,104000073,광장동현대아파트앞,일반차로,5166,127.097463,37.541797,POINT (127.097463 37.541797),224241,236 도,1121510400102360000,75,1105063,광장동
69244,104000075,광나루역.극동아파트,일반차로,5168,127.103069,37.543473,POINT (127.103069 37.543473),91255,218-1대,1121510400102180001,75,1105063,광장동
69245,104000074,광장동현대아파트앞,일반차로,5167,127.099075,37.542013,POINT (127.099075 37.542013),91357,565대,1121510400105650000,75,1105063,광장동
3300,277101942,동서울터미널(경유),가상정류장,78080,127.093084,37.536653,POINT (127.093084 37.536653),89766,589-10대,1121510300105890010,74,1105062,구의3동
69142,104000277,강변역,일반차로,5612,127.093311,37.536405,POINT (127.093311 37.536405),89766,589-10대,1121510300105890010,74,1105062,구의3동
3333,277101909,강변역출발(경유),일반차로,78074,127.093642,37.537661,POINT (127.093642 37.537661),89542,658대,1121510300106580000,74,1105062,구의3동
3522,277101720,구의3동주민센터(경유),일반차로,78424,127.091878,37.537918,POINT (127.091878 37.537918),89552,587-33도,1121510300105870033,74,1105062,구의3동
3604,277101638,올림픽대교북단(경유),일반차로,78400,127.099837,37.537769,POINT (127.099837 37.537769),89622,585-2천,1121510300105850002,74,1105062,구의3동
68987,104900133,구의3동주민센터,마을버스,5757,127.091538,37.538166,POINT (127.091538 37.538166),89486,587-15대,1121510300105870015,74,1105062,구의3동
68991,104900129,강변역.테크노마트앞,마을버스,5999,127.094602,37.536276,POINT (127.094602 37.536276),89609,546-3도,1121510300105460003,74,1105062,구의3동
69015,104900104,테크노마트C,마을버스,5547,127.094247,37.536627,POINT (127.094247 37.536627),89609,546-3도,1121510300105460003,74,1105062,구의3동
69080,104900038,강변역.테크노마트앞,마을버스,5543,127.094859,37.536393,POINT (127.094859 37.536393),89609,546-3도,1121510300105460003,74,1105062,구의3동
69141,104000279,테크노마트앞.강변역,일반차로,5162,127.094195,37.536672,POINT (127.094195 37.536672),89609,546-3도,1121510300105460003,74,1105062,구의3동
69250,104000069,테크노마트앞.강변역,일반차로,5267,127.094065,37.53683,POINT (127.094065 37.53683),89609,546-3도,1121510300105460003,74,1105062,구의3동
69014,104900105,프라임아파트앞,마을버스,5538,127.096754,37.538008,POINT (127.096754 37.538008),106473,623-1 도,1121510300106230001,74,1105062,구의3동
69249,104000070,현대2단지,일반차로,5163,127.096666,37.537962,POINT (127.096666 37.537962),106473,623-1 도,1121510300106230001,74,1105062,구의3동
69016,104900103,동서울호텔앞,마을버스,5585,127.092069,37.534535,POINT (127.092069 37.534535),106477,607 도,1121510300106070000,74,1105062,구의3동
69017,104900102,미니스톱구의중앙점앞,마을버스,5555,127.090016,37.541551,POINT (127.090016 37.541551),87950,224-27대,1121510300102240027,74,1105062,구의3동
69018,104900101,금호아파트앞,마을버스,5570,127.093241,37.543359,POINT (127.093241 37.543359),87129,202-1대,1121510300102020001,74,1105062,구의3동
69248,104000071,올림픽대교북단사거리,일반차로,5164,127.09321,37.543393,POINT (127.09321 37.543393),87129,202-1대,1121510300102020001,74,1105062,구의3동
69019,104900100,구의역,마을버스,5550,127.089237,37.538239,POINT (127.089237 37.538239),89416,244-50대,1121510300102440050,74,1105062,구의3동
69020,104900099,구의아크로리버앞,마을버스,5579,127.092136,37.535293,POINT (127.092136 37.535293),89857,594-2대,1121510300105940002,74,1105062,구의3동
69022,104900097,강변역A,마을버스,5582,127.093633,37.53588,POINT (127.093633 37.53588),89785,546-7대,1121510300105460007,74,1105062,구의3동
69140,104000280,강변역B,일반차로,5266,127.093535,37.535975,POINT (127.093535 37.535975),89785,546-7대,1121510300105460007,74,1105062,구의3동
69143,104000276,동서울터미널.테크노마트.강변,중앙차로,78645,127.093535,37.535975,POINT (127.093535 37.535975),89785,546-7대,1121510300105460007,74,1105062,구의3동
69163,104000183,강변역A,일반차로,5161,127.0935,37.536026,POINT (127.0935 37.536026),89785,546-7대,1121510300105460007,74,1105062,구의3동
69042,104900077,테크노마트.광진문화원,마을버스,5721,127.096101,37.537021,POINT (127.096101 37.537021),89247,631-1대,1121510300106310001,74,1105062,구의3동
69044,104900075,프라임아파트앞,마을버스,5724,127.097032,37.537838,POINT (127.097032 37.537838),89247,631-1대,1121510300106310001,74,1105062,구의3동
69086,104900032,구의홈마트앞,마을버스,5560,127.089723,37.54029,POINT (127.089723 37.54029),88472,223-65대,1121510300102230065,74,1105062,구의3동
69093,104900025,래미안구의파크스위트사거리,마을버스,5565,127.0906,37.544049,POINT (127.0906 37.544049),86763,228-15대,1121510300102280015,74,1105062,구의3동
69122,104000303,구의3동주민센터,일반차로,5273,127.09216,37.539357,POINT (127.09216 37.539357),88939,659대,1121510300106590000,74,1105062,구의3동
69123,104000302,구의3동주민센터,일반차로,5272,127.092632,37.538897,POINT (127.092632 37.538897),89134,218-12대,1121510300102180012,74,1105062,구의3동
69135,104000289,동서울터미널,중앙차로,78647,127.093474,37.534729,POINT (127.093474 37.534729),89860,546-1대,1121510300105460001,74,1105062,구의3동
69136,104000288,동서울터미널,중앙차로,78646,127.092712,37.534054,POINT (127.092712 37.534054),89860,546-1대,1121510300105460001,74,1105062,구의3동
69251,104000065,광진우체국,일반차로,5158,127.090409,37.537998,POINT (127.090409 37.537998),89495,245-21대,1121510300102450021,74,1105062,구의3동
69252,104000064,현대아파트앞,일반차로,5157,127.094254,37.539585,POINT (127.094254 37.539585),172722,199-97 도,1121510300101990097,74,1105062,구의3동
69253,104000063,현대아파트앞,일반차로,5156,127.094009,37.539552,POINT (127.094009 37.539552),85677,213-16 도,1121510300102130016,74,1105062,구의3동
68988,104900132,용마사거리,마을버스,5994,127.082348,37.561869,POINT (127.082348 37.561869),77149,41-35대,1121510100100410035,68,1105056,중곡2동
69000,104900120,용마초등학교,마을버스,5991,127.081814,37.556509,POINT (127.081814 37.556509),81135,272-12도,1121510100102720012,68,1105056,중곡2동
69311,104000003,군자역.용마초등학교,중앙차로,5003,127.082473,37.556099,POINT (127.082473 37.556099),81135,272-12도,1121510100102720012,68,1105056,중곡2동
69031,104900088,장군갈비앞,마을버스,5532,127.088258,37.554852,POINT (127.088258 37.554852),82216,117-11대,1121510100101170011,68,1105056,중곡2동
69168,104000167,중곡동입구,일반차로,5260,127.088262,37.554799,POINT (127.088262 37.554799),82216,117-11대,1121510100101170011,68,1105056,중곡2동
69033,104900086,국민은행앞,마을버스,5746,127.087652,37.558431,POINT (127.087652 37.558431),80143,124-22대,1121510100101240022,68,1105056,중곡2동
69035,104900084,중곡2동주민센터앞,마을버스,5546,127.08121,37.559939,POINT (127.08121 37.559939),78722,47-19대,1121510100100470019,68,1105056,중곡2동
69036,104900083,국민은행앞,마을버스,5750,127.087011,37.559844,POINT (127.087011 37.559844),78738,279-1도,1121510100102790001,68,1105056,중곡2동
70282,101000252,신성시장앞,일반차로,5118,127.087676,37.558316,POINT (127.087676 37.558316),106492,266-5 도,1121510100102660005,68,1105056,중곡2동
69056,104900062,중곡우체국앞,마을버스,5751,127.083937,37.561514,POINT (127.083937 37.561514),137813,277-1 도,1121510100102770001,68,1105056,중곡2동
69290,104000026,중곡우체국앞,일반차로,5119,127.083987,37.561489,POINT (127.083987 37.561489),137813,277-1 도,1121510100102770001,68,1105056,중곡2동
69062,104900056,구.새마을금고앞,마을버스,5512,127.087171,37.561442,POINT (127.087171 37.561442),77500,150-115대,1121510100101500115,68,1105056,중곡2동
69075,104900043,찬양교회,마을버스,5537,127.086654,37.554581,POINT (127.086654 37.554581),106493,272-14 도,1121510100102720014,68,1105056,중곡2동
69309,104000005,중곡동입구삼거리,중앙차로,5005,127.086551,37.554497,POINT (127.086551 37.554497),106493,272-14 도,1121510100102720014,68,1105056,중곡2동
69077,104900041,중곡우체국앞,마을버스,5540,127.084058,37.561164,POINT (127.084058 37.561164),77812,340-34대,1121510100103400034,68,1105056,중곡2동
69079,104900039,군자역,마을버스,5542,127.080082,37.557875,POINT (127.080082 37.557875),80534,158-19대,1121510100101580019,68,1105056,중곡2동
69085,104900033,중곡보건지소,마을버스,5554,127.087075,37.559531,POINT (127.087075 37.559531),79175,125-2대,1121510100101250002,68,1105056,중곡2동
69294,104000021,중곡동성당앞,일반차로,5114,127.082847,37.56309,POINT (127.082847 37.56309),106494,273-1 도,1121510100102730001,68,1105056,중곡2동
69291,104000024,중곡보건지소,일반차로,5117,127.087383,37.559957,POINT (127.087383 37.559957),78764,56-7대,1121510100100560007,68,1105056,중곡2동
69292,104000023,중곡동종점,일반차로,5116,127.087062,37.562073,POINT (127.087062 37.562073),76733,150-103도,1121510100101500103,68,1105056,중곡2동
69293,104000022,종합의료복합단지,일반차로,5115,127.08336,37.563888,POINT (127.08336 37.563888),76001,31-7대,1121510100100310007,68,1105056,중곡2동
69295,104000020,중곡2동주민센터앞,일반차로,5113,127.081155,37.55984,POINT (127.081155 37.55984),78878,47-17대,1121510100100470017,68,1105056,중곡2동
68992,104900128,중곡아파트.기점,마을버스,5511,127.078227,37.566996,POINT (127.078227 37.566996),74737,190-26대,1121510100101900026,69,1105057,중곡3동
68995,104900125,중곡119안전센터,마을버스,5755,127.086244,37.566757,POINT (127.086244 37.566757),106489,266-1 도,1121510100102660001,69,1105057,중곡3동
69058,104900060,용암사입구,마을버스,5502,127.086117,37.567515,POINT (127.086117 37.567515),106489,266-1 도,1121510100102660001,69,1105057,중곡3동
69275,104000041,대원고교앞,일반차로,5134,127.086709,37.563966,POINT (127.086709 37.563966),106489,266-1 도,1121510100102660001,69,1105057,중곡3동
69278,104000038,용암사입구,일반차로,5131,127.086057,37.567916,POINT (127.086057 37.567916),106489,266-1 도,1121510100102660001,69,1105057,중곡3동
69032,104900087,대원외고앞,마을버스,5507,127.086698,37.563994,POINT (127.086698 37.563994),75923,28-26대,1121510100100280026,69,1105057,중곡3동
69034,104900085,중곡아파트.종점,마을버스,5501,127.077916,37.566379,POINT (127.077916 37.566379),105354,190-29 대,1121510100101900029,69,1105057,중곡3동
69287,104000029,중곡아파트,일반차로,5122,127.0779,37.566401,POINT (127.0779 37.566401),105354,190-29 대,1121510100101900029,69,1105057,중곡3동
69145,104000274,종합의료복합단지,일반차로,5269,127.083395,37.564527,POINT (127.083395 37.564527),106494,273-1 도,1121510100102730001,69,1105057,중곡3동
69146,104000273,중곡역.국립정신건강센터,일반차로,5270,127.084325,37.566229,POINT (127.084325 37.566229),106494,273-1 도,1121510100102730001,69,1105057,중곡3동
69147,104000272,용곡삼거리,일반차로,5271,127.0856,37.568578,POINT (127.0856 37.568578),74069,169-10대,1121510100101690010,69,1105057,중곡3동
69159,104000248,면곡시장,일반차로,5687,127.081375,37.571462,POINT (127.081375 37.571462),72951,580-1대,1121510100105800001,69,1105057,중곡3동
69276,104000040,중곡역.국립정신건강센터,일반차로,5133,127.084545,37.566046,POINT (127.084545 37.566046),247480,30-81 도,1121510100100300081,69,1105057,중곡3동
69277,104000039,용곡삼거리,일반차로,5132,127.08559,37.567933,POINT (127.08559 37.567933),74282,29-56대,1121510100100290056,69,1105057,중곡3동
69279,104000037,면곡시장앞,일반차로,5130,127.083418,37.57089,POINT (127.083418 37.57089),73097,555-4대,1121510100105550004,69,1105057,중곡3동
69280,104000036,면곡시장앞,일반차로,5129,127.083137,37.570635,POINT (127.083137 37.570635),73191,558-2대,1121510100105580002,69,1105057,중곡3동
69281,104000035,중곡3동주민센터앞,일반차로,5128,127.082642,37.568492,POINT (127.082642 37.568492),172497,264-6 도,1121510100102640006,69,1105057,중곡3동
69283,104000033,중곡역입구,일반차로,5126,127.081741,37.566853,POINT (127.081741 37.566853),172497,264-6 도,1121510100102640006,69,1105057,중곡3동
69282,104000034,중곡3동주민센터앞,일반차로,5127,127.082885,37.568635,POINT (127.082885 37.568635),222129,200 도,1121510100102000000,69,1105057,중곡3동
69284,104000032,중곡역입구,일반차로,5125,127.081615,37.56634,POINT (127.081615 37.56634),75047,193-59대,1121510100101930059,69,1105057,중곡3동
69285,104000031,중마초등학교.중곡제일골목시장앞,일반차로,5124,127.080997,37.565497,POINT (127.080997 37.565497),74958,264-5도,1121510100102640005,69,1105057,중곡3동
69288,104000028,면곡시장,일반차로,5121,127.079583,37.570277,POINT (127.079583 37.570277),111569,263-1 도,1121510100102630001,69,1105057,중곡3동
69289,104000027,면곡시장,일반차로,5120,127.079729,37.569746,POINT (127.079729 37.569746),73576,181-13대,1121510100101810013,69,1105057,중곡3동
69298,104000016,중마초등학교.중곡제일골목시장앞,일반차로,5109,127.080993,37.565214,POINT (127.080993 37.565214),75440,193-51대,1121510100101930051,69,1105057,중곡3동
68996,104900124,중곡4동경로당입구앞,마을버스,5500,127.093963,37.559131,POINT (127.093963 37.559131),79291,438-2도,1121510100104380002,70,1105058,중곡4동
69063,104900055,CU중곡긴고랑점앞,마을버스,5513,127.093031,37.558916,POINT (127.093031 37.558916),79291,438-2도,1121510100104380002,70,1105058,중곡4동
69066,104900052,중곡4동어린이집입구,마을버스,5518,127.091704,37.558685,POINT (127.091704 37.558685),79291,438-2도,1121510100104380002,70,1105058,중곡4동
68997,104900123,강원설비앞,마을버스,5505,127.090136,37.559003,POINT (127.090136 37.559003),79290,452-1도,1121510100104520001,70,1105058,중곡4동
69069,104900049,긴고랑입구,마을버스,5523,127.088669,37.558877,POINT (127.088669 37.558877),79290,452-1도,1121510100104520001,70,1105058,중곡4동
68998,104900122,강원설비앞,마을버스,5506,127.089935,37.558849,POINT (127.089935 37.558849),79795,77-1대,1121510100100770001,70,1105058,중곡4동
68999,104900121,중곡4동경로당입구앞,마을버스,5510,127.094281,37.559193,POINT (127.094281 37.559193),79509,74-63대,1121510100100740063,70,1105058,중곡4동
69030,104900089,중앙상회앞,마을버스,5508,127.094797,37.560159,POINT (127.094797 37.560159),137819,437-1 도,1121510100104370001,70,1105058,중곡4동
69041,104900078,기원정사입구,마을버스,5720,127.093043,37.555279,POINT (127.093043 37.555279),82038,107-43대,1121510100101070043,70,1105058,중곡4동
69043,104900076,해오름공원입구,마을버스,5723,127.091364,37.55633,POINT (127.091364 37.55633),137828,440 도,1121510100104400000,70,1105058,중곡4동
69045,104900074,우리들약국,마을버스,5727,127.090369,37.557044,POINT (127.090369 37.557044),137831,453 도,1121510100104530000,70,1105058,중곡4동
69047,104900072,마을금고앞,마을버스,5731,127.089393,37.557731,POINT (127.089393 37.557731),137831,453 도,1121510100104530000,70,1105058,중곡4동
69049,104900070,신성시장입구,마을버스,5735,127.088063,37.55867,POINT (127.088063 37.55867),106492,266-5 도,1121510100102660005,70,1105058,중곡4동
69271,104000045,신성시장,일반차로,5138,127.08793,37.558319,POINT (127.08793 37.558319),106492,266-5 도,1121510100102660005,70,1105058,중곡4동
69050,104900068,대순진리회앞.구.새마을금고,마을버스,5737,127.087568,37.560955,POINT (127.087568 37.560955),77952,150-101대,1121510100101500101,70,1105058,중곡4동
69051,104900067,대원외고앞,마을버스,5739,127.087141,37.563245,POINT (127.087141 37.563245),76328,21-10대,1121510100100210010,70,1105058,중곡4동
69053,104900065,중곡4동파출소,마을버스,5741,127.08677,37.565419,POINT (127.08677 37.565419),75316,18-27대,1121510100100180027,70,1105058,중곡4동
69059,104900059,긴고랑종점,마을버스,5503,127.096043,37.562194,POINT (127.096043 37.562194),76969,72-59 도,1121510100100720059,70,1105058,중곡4동
69065,104900053,신성시장입구,마을버스,5517,127.08801,37.558527,POINT (127.08801 37.558527),80125,79-1대,1121510100100790001,70,1105058,중곡4동
69067,104900051,마을금고.브레드제과점,마을버스,5522,127.089247,37.557634,POINT (127.089247 37.557634),80788,82-1대,1121510100100820001,70,1105058,중곡4동
69070,104900048,우리들약국,마을버스,5527,127.090285,37.556901,POINT (127.090285 37.556901),81293,89-1대,1121510100100890001,70,1105058,중곡4동
69071,104900047,해오름공원입구,마을버스,5531,127.091123,37.556308,POINT (127.091123 37.556308),81590,89-10대,1121510100100890010,70,1105058,중곡4동
69074,104900044,기원정사입구,마을버스,5536,127.093137,37.554883,POINT (127.093137 37.554883),82196,109-5대,1121510100101090005,70,1105058,중곡4동
69089,104900029,긴고랑입구,마을버스,5559,127.088669,37.558736,POINT (127.088669 37.558736),79908,78-15대,1121510100100780015,70,1105058,중곡4동
69092,104900026,중곡4동어린이집입구,마을버스,5564,127.091668,37.558517,POINT (127.091668 37.558517),80107,75-48대,1121510100100750048,70,1105058,중곡4동
69095,104900023,CU중곡긴고랑점앞,마을버스,5569,127.093003,37.558759,POINT (127.093003 37.558759),79889,75-1대,1121510100100750001,70,1105058,중곡4동
69097,104900021,중앙상회앞,마을버스,5574,127.095196,37.560241,POINT (127.095196 37.560241),78544,73-15대,1121510100100730015,70,1105058,중곡4동
69117,104900001,종로약국앞,마을버스,5716,127.088106,37.557588,POINT (127.088106 37.557588),80602,79-9대,1121510100100790009,70,1105058,중곡4동
69131,104000294,긴고랑주차장,일반차로,5515,127.095631,37.560961,POINT (127.095631 37.560961),77934,72-63임,1121510100100720063,70,1105058,중곡4동
69270,104000046,중곡동입구,일반차로,5139,127.088669,37.554197,POINT (127.088669 37.554197),82328,93-46대,1121510100100930046,70,1105058,중곡4동
69272,104000044,중곡동종점,일반차로,5137,127.087309,37.562695,POINT (127.087309 37.562695),76291,150-405도,1121510100101500405,70,1105058,중곡4동
69273,104000043,대원고교앞,일반차로,5136,127.086968,37.564199,POINT (127.086968 37.564199),75803,18-72대,1121510100100180072,70,1105058,중곡4동
69274,104000042,용암사입구,일반차로,5135,127.086374,37.567868,POINT (127.086374 37.567868),74364,18-1대,1121510100100180001,70,1105058,중곡4동
69004,104900115,성자초등학교앞,마을버스,5596,127.082568,37.53152,POINT (127.082568 37.53152),95435,661-21도,1121510500106610021,76,1105064,자양1동
69006,104900113,국민은행자양지점,마을버스,5668,127.079297,37.532187,POINT (127.079297 37.532187),95042,616-39도,1121510500106160039,76,1105064,자양1동
69111,104900007,자양중학교앞,마을버스,5677,127.076276,37.534635,POINT (127.076276 37.534635),93692,611-4대,1121510500106110004,76,1105064,자양1동
69113,104900005,자양1파출소앞,마을버스,5680,127.076907,37.536765,POINT (127.076907 37.536765),92502,799-1대,1121510500107990001,76,1105064,자양1동
69229,104000095,자양동잠실대교북단,일반차로,5188,127.084806,37.532955,POINT (127.084806 37.532955),247496,658-14 대,1121510500106580014,76,1105064,자양1동
69230,104000094,자양아파트앞,일반차로,5187,127.084608,37.532192,POINT (127.084608 37.532192),106504,732 도,1121510500107320000,76,1105064,자양1동
69231,104000092,국민은행자양지점앞,일반차로,5185,127.081413,37.531573,POINT (127.081413 37.531573),95554,653-3도,1121510500106530003,76,1105064,자양1동
69232,104000090,자양미소약국.자양골목시장,일반차로,5183,127.077319,37.53275,POINT (127.077319 37.53275),105904,718 도,1121510500107180000,76,1105064,자양1동
69234,104000086,자양초등학교앞,일반차로,5179,127.078796,37.537479,POINT (127.078796 37.537479),92117,223-4대,1121510500102230004,76,1105064,자양1동
69235,104000085,자양초등학교앞,일반차로,5178,127.078659,37.537844,POINT (127.078659 37.537844),91863,224-17도,1121510500102240017,76,1105064,자양1동
69236,104000084,자양사거리,일반차로,5177,127.082104,37.53675,POINT (127.082104 37.53675),92111,219-16도,1121510500102190016,76,1105064,자양1동
69237,104000083,자양사거리,일반차로,5176,127.082604,37.536889,POINT (127.082604 37.536889),92111,219-16도,1121510500102190016,76,1105064,자양1동
69238,104000082,광진구청,일반차로,5175,127.083153,37.538488,POINT (127.083153 37.538488),91615,777대,1121510500107770000,76,1105064,자양1동
69021,104900098,미니스톱구의중앙점앞,마을버스,5710,127.089871,37.541563,POINT (127.089871 37.541563),87244,227-17도,1121510300102270017,72,1105060,구의1동
69027,104900092,구의역2번출구,마을버스,5590,127.087941,37.537691,POINT (127.087941 37.537691),88947,245-24도,1121510300102450024,72,1105060,구의1동
69040,104900079,구의역,마을버스,5718,127.089093,37.538276,POINT (127.089093 37.538276),88947,245-24도,1121510300102450024,72,1105060,구의1동
69260,104000056,구의역2번출구,일반차로,5149,127.087977,37.537703,POINT (127.087977 37.537703),88947,245-24도,1121510300102450024,72,1105060,구의1동
69028,104900091,광진경찰서앞,마을버스,5599,127.084355,37.542347,POINT (127.084355 37.542347),87552,250-19대,1121510300102500019,72,1105060,구의1동
69262,104000054,광진경찰서,일반차로,5147,127.084359,37.542211,POINT (127.084359 37.542211),87552,250-19대,1121510300102500019,72,1105060,구의1동
69029,104900090,광진경찰서,마을버스,5573,127.083714,37.541594,POINT (127.083714 37.541594),87237,236-11도,1121510300102360011,72,1105060,구의1동
69264,104000052,광진경찰서,일반차로,5145,127.083688,37.541534,POINT (127.083688 37.541534),87237,236-11도,1121510300102360011,72,1105060,구의1동
69104,104900014,구의역1번출구,마을버스,5594,127.08518,37.537009,POINT (127.08518 37.537009),89717,246-20도,1121510300102460020,72,1105060,구의1동
69112,104900006,래미안구의파크스위트사거리,마을버스,5679,127.090464,37.54413,POINT (127.090464 37.54413),105902,229-47 도,1121510300102290047,72,1105060,구의1동
69116,104900002,구의홈마트앞,마을버스,5714,127.089565,37.540319,POINT (127.089565 37.540319),88096,223-10도,1121510300102230010,72,1105060,구의1동
69259,104000057,래미안구의파크스위트,일반차로,5150,127.089104,37.544655,POINT (127.089104 37.544655),86566,230-1대,1121510300102300001,72,1105060,구의1동
69261,104000055,광진구청,일반차로,5148,127.083519,37.538986,POINT (127.083519 37.538986),89185,252-14대,1121510300102520014,72,1105060,구의1동
69263,104000053,광진경찰서,일반차로,5146,127.084647,37.543087,POINT (127.084647 37.543087),87266,236-46대,1121510300102360046,72,1105060,구의1동
69265,104000051,구의사거리.광진소방서앞,가로변시간,5144,127.08458,37.544933,POINT (127.08458 37.544933),86516,253-7대,1121510300102530007,72,1105060,구의1동
69023,104900096,아차산역,마을버스,5708,127.09054,37.55082,POINT (127.09054 37.55082),84609,96도,1121510300100960000,73,1105061,구의2동
69169,104000165,어린이대공원후문,일반차로,5258,127.090508,37.550867,POINT (127.090508 37.550867),84609,96도,1121510300100960000,73,1105061,구의2동
69308,104000006,어린이대공원후문아차산역,중앙차로,5006,127.090149,37.551208,POINT (127.090149 37.551208),84609,96도,1121510300100960000,73,1105061,구의2동
69024,104900095,구의사거리,마을버스,5669,127.086376,37.545849,POINT (127.086376 37.545849),86280,68-29대,1121510300100680029,73,1105061,구의2동
69255,104000061,구의사거리,일반차로,5154,127.086348,37.545817,POINT (127.086348 37.545817),86280,68-29대,1121510300100680029,73,1105061,구의2동
69025,104900094,구의사거리,마을버스,5568,127.08566,37.545566,POINT (127.08566 37.545566),85980,131도,1121510300101310000,73,1105061,구의2동
69256,104000060,구의사거리,일반차로,5153,127.085747,37.545651,POINT (127.085747 37.545651),85980,131도,1121510300101310000,73,1105061,구의2동
69026,104900093,구의2동주민센터,마을버스,5678,127.08961,37.548668,POINT (127.08961 37.548668),85391,71-26대,1121510300100710026,73,1105061,구의2동
69257,104000059,구의2동주민센터입구,일반차로,5152,127.089586,37.548642,POINT (127.089586 37.548642),85391,71-26대,1121510300100710026,73,1105061,구의2동
69039,104900080,영화사입구,마을버스,5717,127.09415,37.554083,POINT (127.09415 37.554083),84150,26-15대,1121510300100260015,73,1105061,구의2동
69057,104900061,아차산역사거리,마을버스,5752,127.091435,37.550672,POINT (127.091435 37.550672),211814,57-122 도,1121510300100570122,73,1105061,구의2동
69078,104900040,영화사입구,마을버스,5541,127.094118,37.554229,POINT (127.094118 37.554229),84127,87-1도,1121510300100870001,73,1105061,구의2동
69082,104900036,성안약국,마을버스,5545,127.093297,37.55321,POINT (127.093297 37.55321),106250,88-1 도,1121510300100880001,73,1105061,구의2동
69083,104900035,지영슈퍼,마을버스,5549,127.092194,37.551819,POINT (127.092194 37.551819),231318,89 도,1121510300100890000,73,1105061,구의2동
69084,104900034,아차산역사거리,마을버스,5553,127.091205,37.550807,POINT (127.091205 37.550807),105975,54-13대,1121510300100540013,73,1105061,구의2동
69088,104900030,선화예고앞,마을버스,5558,127.090059,37.549485,POINT (127.090059 37.549485),85053,111도,1121510300101110000,73,1105061,구의2동
69258,104000058,구의2동주민센터입구,일반차로,5151,127.089785,37.549252,POINT (127.089785 37.549252),85053,111도,1121510300101110000,73,1105061,구의2동
69091,104900027,대진택시,마을버스,5563,127.088099,37.54773,POINT (127.088099 37.54773),85662,129-1도,1121510300101290001,73,1105061,구의2동
69109,104900009,서울서광교회앞,마을버스,5672,127.088351,37.547585,POINT (127.088351 37.547585),85787,70-8대,1121510300100700008,73,1105061,구의2동
69114,104900004,지영슈퍼,마을버스,5709,127.09231,37.551774,POINT (127.09231 37.551774),84711,48-8대,1121510300100480008,73,1105061,구의2동
69115,104900003,성안약국,마을버스,5713,127.093392,37.553142,POINT (127.093392 37.553142),84369,31-23대,1121510300100310023,73,1105061,구의2동
69129,104000296,새밭교회,중앙차로,5009,127.093499,37.548918,POINT (127.093499 37.548918),154130,40-2 도,1121510300100400002,73,1105061,구의2동
69130,104000295,새밭교회,중앙차로,5010,127.092614,37.548958,POINT (127.092614 37.548958),85155,91도,1121510300100910000,73,1105061,구의2동
69170,104000164,새밭교회,일반차로,5257,127.092452,37.548948,POINT (127.092452 37.548948),85155,91도,1121510300100910000,73,1105061,구의2동
69171,104000163,새밭교회앞,일반차로,5256,127.093572,37.54906,POINT (127.093572 37.54906),105363,38 공,1121510300100380000,73,1105061,구의2동
69254,104000062,래미안구의파크스위트,일반차로,5155,127.089051,37.544964,POINT (127.089051 37.544964),233202,203-27 도,1121510300102030027,73,1105061,구의2동
69037,104900082,용마사거리,마을버스,5726,127.081243,37.562757,POINT (127.081243 37.562757),76488,277-5도,1121510100102770005,67,1105055,중곡1동
69038,104900081,동곡삼거리,마을버스,5730,127.078177,37.563758,POINT (127.078177 37.563758),106455,280-2 천,1121510100102800002,67,1105055,중곡1동
69158,104000251,동곡삼거리,일반차로,5690,127.078066,37.563788,POINT (127.078066 37.563788),106455,280-2 천,1121510100102800002,67,1105055,중곡1동
69073,104900045,기업은행.용마사거리,마을버스,5535,127.081433,37.562446,POINT (127.081433 37.562446),76799,242-3대,1121510100102420003,67,1105055,중곡1동
69144,104000275,중곡동성당,일반차로,5268,127.082525,37.562964,POINT (127.082525 37.562964),106490,675 도,1121510100106750000,67,1105055,중곡1동
69296,104000019,중곡2동주민센터앞,일반차로,5112,127.080855,37.559884,POINT (127.080855 37.559884),106490,675 도,1121510100106750000,67,1105055,중곡1동
69166,104000169,동곡삼거리,일반차로,5262,127.078145,37.563555,POINT (127.078145 37.563555),76157,247-5대,1121510100102470005,67,1105055,중곡1동
69286,104000030,중곡아파트,일반차로,5123,127.077177,37.565796,POINT (127.077177 37.565796),111569,263-1 도,1121510100102630001,67,1105055,중곡1동
69297,104000018,용마사거리,일반차로,5111,127.081872,37.562291,POINT (127.081872 37.562291),76888,163-2대,1121510100101630002,67,1105055,중곡1동
69299,104000015,중곡1동사거리,일반차로,5108,127.079416,37.562615,POINT (127.079416 37.562615),172465,264-1 도,1121510100102640001,67,1105055,중곡1동
69301,104000013,중곡1동주민센터입구,일반차로,5106,127.078495,37.56095,POINT (127.078495 37.56095),172465,264-1 도,1121510100102640001,67,1105055,중곡1동
69300,104000014,중곡1동사거리,일반차로,5107,127.079473,37.562454,POINT (127.079473 37.562454),76806,244-52도,1121510100102440052,67,1105055,중곡1동
69302,104000012,중곡1동주민센터입구,일반차로,5105,127.078279,37.560268,POINT (127.078279 37.560268),126273,643-4 종,1121510100106430004,67,1105055,중곡1동
69303,104000011,메리놀외방선교회,일반차로,5104,127.077632,37.559087,POINT (127.077632 37.559087),79555,640-2대,1121510100106400002,67,1105055,중곡1동
69304,104000010,메리놀외방선교회,일반차로,5103,127.077541,37.559211,POINT (127.077541 37.559211),79283,669도,1121510100106690000,67,1105055,중곡1동
69305,104000009,군자교,일반차로,5102,127.075229,37.562386,POINT (127.075229 37.562386),76788,610-3대,1121510100106100003,67,1105055,중곡1동
69306,104000008,군자교,일반차로,5101,127.075203,37.561533,POINT (127.075203 37.561533),77282,614-1대,1121510100106140001,67,1105055,중곡1동
69313,104000001,군자교입구,중앙차로,5001,127.075646,37.558741,POINT (127.075646 37.558741),79317,659도,1121510100106590000,67,1105055,중곡1동
69048,104900071,자양종합복지관앞,마을버스,5733,127.075324,37.53245,POINT (127.075324 37.53245),94663,717-2도,1121510500107170002,78,1105066,자양3동
69076,104900042,송림식당앞,마을버스,5539,127.07663,37.536822,POINT (127.07663 37.536822),106508,794-10 도,1121510500107940010,78,1105066,자양3동
69081,104900037,자양중학교앞,마을버스,5544,127.075996,37.534691,POINT (127.075996 37.534691),105909,712 도,1121510500107120000,78,1105066,자양3동
69125,104000300,뚝섬유원지,일반차로,5900,127.066791,37.531082,POINT (127.066791 37.531082),99533,97-5천,1121510500100970005,78,1105066,자양3동
69156,104000256,광진구의회,일반차로,5695,127.070479,37.539227,POINT (127.070479 37.539227),137162,227-337 도,1121510500102270337,78,1105066,자양3동
69218,104000111,광진문화예술회관,일반차로,5204,127.070169,37.538565,POINT (127.070169 37.538565),137162,227-337 도,1121510500102270337,78,1105066,자양3동
69167,104000168,제일은행사거리,일반차로,5261,127.074751,37.533551,POINT (127.074751 37.533551),94011,520-1도,1121510500105200001,78,1105066,자양3동
69214,104000118,자양우성아파트앞,일반차로,5211,127.073407,37.533947,POINT (127.073407 37.533947),94011,520-1도,1121510500105200001,78,1105066,자양3동
69203,104000129,신양초등학교앞,일반차로,5222,127.067995,37.53351,POINT (127.067995 37.53351),105300,855 대,1121510500108550000,78,1105066,자양3동
69211,104000121,대동아파트앞,일반차로,5214,127.068967,37.536419,POINT (127.068967 37.536419),247566,510-6 도,1121510500105100006,78,1105066,자양3동
69219,104000110,뚝도변전소앞,일반차로,5203,127.069025,37.536077,POINT (127.069025 37.536077),247566,510-6 도,1121510500105100006,78,1105066,자양3동
69212,104000120,자양고교앞,일반차로,5213,127.07136,37.534316,POINT (127.07136 37.534316),93803,553-501대,1121510500105530501,78,1105066,자양3동
69213,104000119,자양고교앞,일반차로,5212,127.071171,37.534579,POINT (127.071171 37.534579),105180,553-500도,1121510500105530500,78,1105066,자양3동
69215,104000117,자양우성아파트앞,일반차로,5210,127.073518,37.533686,POINT (127.073518 37.533686),94103,520-2대,1121510500105200002,78,1105066,자양3동
69216,104000116,신자초등학교앞,일반차로,5209,127.074922,37.530768,POINT (127.074922 37.530768),95993,738도,1121510500107380000,78,1105066,자양3동
69217,104000112,건국대학교앞,일반차로,5205,127.074875,37.538446,POINT (127.074875 37.538446),91809,227-217대,1121510500102270217,78,1105066,자양3동
69220,104000109,신양초등학교앞,일반차로,5202,127.068947,37.535234,POINT (127.068947 37.535234),105174,550-2도,1121510500105500002,78,1105066,자양3동
69221,104000108,신양초등학교앞,일반차로,5201,127.069288,37.534912,POINT (127.069288 37.534912),93467,504학,1121510500105040000,78,1105066,자양3동
69087,104900031,영동대교입구.성수사거리,마을버스,5556,127.064341,37.542399,POINT (127.064341 37.542399),101608,50-1대,1121510700100500001,65,1105053,화양동
69090,104900028,화양동현대아파트,마을버스,5561,127.06524,37.543983,POINT (127.06524 37.543983),101010,42-1대,1121510700100420001,65,1105053,화양동
69094,104900024,성수대우프레시아1차아파트,마을버스,5566,127.065985,37.545294,POINT (127.065985 37.545294),100537,41-9대,1121510700100410009,65,1105053,화양동
69096,104900022,화양사거리SKV1센터,마을버스,5571,127.066494,37.546197,POINT (127.066494 37.546197),100152,24-11대,1121510700100240011,65,1105053,화양동
69121,104000304,건대입구(가상),가상정류장,5499,127.07099,37.540191,POINT (127.07099 37.540191),106033,4-20 대,1121510700100040020,65,1105053,화양동
69124,104000301,건국대입구,일반차로,5901,127.067564,37.541115,POINT (127.067564 37.541115),101940,48-10도,1121510700100480010,65,1105053,화양동
69195,104000137,건대입구역1번출구,일반차로,5230,127.068167,37.540896,POINT (127.068167 37.540896),101940,48-10도,1121510700100480010,65,1105053,화양동
69134,104000290,어린이회관,일반차로,5233,127.079252,37.545262,POINT (127.079252 37.545262),102221,302-4대,1121510700103020004,65,1105053,화양동
69154,104000258,건대입구역,일반차로,5697,127.071901,37.54228,POINT (127.071901 37.54228),101402,4-14도,1121510700100040014,65,1105053,화양동
69155,104000257,건대입구역,일반차로,5696,127.072093,37.54338,POINT (127.072093 37.54338),100668,2-50도,1121510700100020050,65,1105053,화양동
69165,104000170,건대병원입구,일반차로,5263,127.071473,37.542108,POINT (127.071473 37.542108),101734,5-52도,1121510700100050052,65,1105053,화양동
69192,104000141,어린이대공원역.화양천주교회,일반차로,5234,127.073588,37.545904,POINT (127.073588 37.545904),99867,39-5도,1121510700100390005,65,1105053,화양동
69193,104000139,건대입구역사거리.건대병원,일반차로,5232,127.071264,37.540981,POINT (127.071264 37.540981),101930,4-15도,1121510700100040015,65,1105053,화양동
69194,104000138,어린이대공원역3번출구,일반차로,5231,127.075246,37.546695,POINT (127.075246 37.546695),102056,527-1도,1121510700105270001,65,1105053,화양동
69196,104000136,건대입구역사거리.건대병원,일반차로,5229,127.070908,37.540974,POINT (127.070908 37.540974),101984,5-106대,1121510700100050106,65,1105053,화양동
69197,104000135,서울화양초등학교,일반차로,5228,127.072222,37.543765,POINT (127.072222 37.543765),101064,2-49대,1121510700100020049,65,1105053,화양동
69198,104000134,어린이대공원역.화양천주교회,일반차로,5227,127.073628,37.546622,POINT (127.073628 37.546622),99982,164-2도,1121510700101640002,65,1105053,화양동
69199,104000133,광진광장,일반차로,5226,127.071152,37.547778,POINT (127.071152 37.547778),247412,116-24 대,1121510700101160024,65,1105053,화양동
69200,104000132,화양사거리,일반차로,5225,127.067089,37.547232,POINT (127.067089 37.547232),99810,23-28대,1121510700100230028,65,1105053,화양동
69201,104000131,성수사거리,일반차로,5224,127.064777,37.543159,POINT (127.064777 37.543159),101284,42-24대,1121510700100420024,65,1105053,화양동
69233,104000087,건국대학교앞,일반차로,5180,127.074926,37.538949,POINT (127.074926 37.538949),91575,526-34학,1121510700105260034,65,1105053,화양동
69126,104000299,중곡동입구삼거리,중앙차로,5008,127.084866,37.554827,POINT (127.084866 37.554827),106499,256-16 도,1121510200102560016,71,1105059,능동
69307,104000007,어린이대공원후문아차산역,중앙차로,5007,127.089245,37.552423,POINT (127.089245 37.552423),106499,256-16 도,1121510200102560016,71,1105059,능동
69137,104000287,아차산역,일반차로,5552,127.089052,37.552481,POINT (127.089052 37.552481),83660,256-5공,1121510200102560005,71,1105059,능동
69150,104000262,군자역,일반차로,5701,127.07906,37.555912,POINT (127.07906 37.555912),82540,279-4대,1121510200102790004,71,1105059,능동
69152,104000260,세종대학교,일반차로,5699,127.076031,37.549855,POINT (127.076031 37.549855),234817,18 공,1121510200100180000,71,1105059,능동
69266,104000050,어린이회관,가로변시간,5143,127.077231,37.546028,POINT (127.077231 37.546028),83932,465-2도,1121510200104650002,71,1105059,능동
69267,104000049,구의사거리.광진소방서앞,가로변시간,5142,127.083978,37.54525,POINT (127.083978 37.54525),83940,462도,1121510200104620000,71,1105059,능동
69268,104000048,능동사거리.군자역,일반차로,5141,127.078635,37.555177,POINT (127.078635 37.555177),105245,282-1대,1121510200102820001,71,1105059,능동
69269,104000047,어린이대공원앞,일반차로,5140,127.077031,37.552046,POINT (127.077031 37.552046),83819,315-14대,1121510200103150014,71,1105059,능동
69310,104000004,군자역.용마초등학교,중앙차로,5004,127.081566,37.556223,POINT (127.081566 37.556223),82493,265-10도,1121510200102650010,71,1105059,능동
69132,104000293,화양사거리,일반차로,5249,127.068684,37.548329,POINT (127.068684 37.548329),110561,355-9 도,1121510900103550009,66,1105054,군자동
69151,104000261,군자역,일반차로,5700,127.078861,37.556364,POINT (127.078861 37.556364),102723,499도,1121510900104990000,66,1105054,군자동
69174,104000160,능동사거리.군자역,일반차로,5253,127.07882,37.556322,POINT (127.07882 37.556322),102723,499도,1121510900104990000,66,1105054,군자동
69153,104000259,세종대학교,일반차로,5698,127.075566,37.549862,POINT (127.075566 37.549862),104686,92-18도,1121510900100920018,66,1105054,군자동
69172,104000162,군자동주민센터앞,일반차로,5255,127.076153,37.554899,POINT (127.076153 37.554899),103410,64-2도,1121510900100640002,66,1105054,군자동
69173,104000161,군자역먹자골목사거리,일반차로,5254,127.077546,37.556079,POINT (127.077546 37.556079),102648,498도,1121510900104980000,66,1105054,군자동
69175,104000159,능동교회앞,일반차로,5252,127.076993,37.552874,POINT (127.076993 37.552874),106467,47-2 도,1121510900100470002,66,1105054,군자동
69176,104000158,어린이대공원앞.세종대학교,일반차로,5251,127.07544,37.549752,POINT (127.07544 37.549752),247549,98 학,1121510900100980000,66,1105054,군자동
69177,104000157,광진광장,일반차로,5250,127.071362,37.548015,POINT (127.071362 37.548015),104521,346-42도,1121510900103460042,66,1105054,군자동
69178,104000155,장안초등학교,일반차로,5248,127.070521,37.548761,POINT (127.070521 37.548761),105397,360-48 도,1121510900103600048,66,1105054,군자동
69179,104000154,장안초등학교,일반차로,5247,127.070755,37.548692,POINT (127.070755 37.548692),105821,503-1 도,1121510900105030001,66,1105054,군자동
69180,104000153,군자새마을금고앞,일반차로,5246,127.071088,37.551357,POINT (127.071088 37.551357),104475,342-23도,1121510900103420023,66,1105054,군자동
69181,104000152,군자새마을금고.성동광진위센터,일반차로,5245,127.071323,37.551851,POINT (127.071323 37.551851),104367,364대,1121510900103640000,66,1105054,군자동
69182,104000151,세종초교앞,일반차로,5244,127.074255,37.553771,POINT (127.074255 37.553771),105355,64-6 대,1121510900100640006,66,1105054,군자동
69183,104000150,세종초등학교.세종사이버대학교앞,일반차로,5243,127.07324,37.553426,POINT (127.07324 37.553426),103937,111-2도,1121510900101110002,66,1105054,군자동
69184,104000149,군자삼거리,일반차로,5242,127.075323,37.554647,POINT (127.075323 37.554647),125313,49-19 대,1121510900100490019,66,1105054,군자동
69185,104000148,군자삼거리,일반차로,5241,127.075287,37.554976,POINT (127.075287 37.554976),102755,55-1도,1121510900100550001,66,1105054,군자동
69186,104000147,능동우편취급국,일반차로,5240,127.076033,37.556161,POINT (127.076033 37.556161),103056,49-5도,1121510900100490005,66,1105054,군자동
69187,104000146,KEB.하나은행.군자동.지점,일반차로,5239,127.076559,37.557156,POINT (127.076559 37.557156),102684,471-18도,1121510900104710018,66,1105054,군자동
69188,104000145,KEB.하나은행.군자동.지점,일반차로,5238,127.076709,37.557709,POINT (127.076709 37.557709),102394,484도,1121510900104840000,66,1105054,군자동
69312,104000002,군자교입구,중앙차로,5002,127.0749,37.558794,POINT (127.0749 37.558794),102394,484도,1121510900104840000,66,1105054,군자동
69189,104000144,군자교남단,일반차로,5237,127.072788,37.557411,POINT (127.072788 37.557411),102556,29-65도,1121510900100290065,66,1105054,군자동
69190,104000143,송정동건영아파트,일반차로,5236,127.07125,37.554597,POINT (127.07125 37.554597),247426,130-8대,1121510900101300008,66,1105054,군자동
69191,104000142,송정동서울숲아이파크,일반차로,5235,127.069598,37.551704,POINT (127.069598 37.551704),241249,341-55 도,1121510900103410055,66,1105054,군자동
69157,104000255,광진구의회,일반차로,5694,127.070117,37.539197,POINT (127.070117 37.539197),97471,2-5도,1121510500100020005,79,1105067,자양4동
69160,104000238,영동대교북단,일반차로,5667,127.061227,37.536746,POINT (127.061227 37.536746),106486,203-22 도,1121510500102030022,79,1105067,자양4동
69206,104000126,노룬산시장앞,일반차로,5219,127.062945,37.536806,POINT (127.062945 37.536806),106486,203-22 도,1121510500102030022,79,1105067,자양4동
69161,104000237,자양동,일반차로,5666,127.06754,37.53535,POINT (127.06754 37.53535),93306,553-363대,1121510500105530363,79,1105067,자양4동
69162,104000236,자양동,일반차로,5665,127.067986,37.535533,POINT (127.067986 37.535533),92867,508-9도,1121510500105080009,79,1105067,자양4동
69210,104000122,국민은행신자양지점,일반차로,5215,127.067313,37.535664,POINT (127.067313 37.535664),92867,508-9도,1121510500105080009,79,1105067,자양4동
69164,104000171,뚝섬유원지,일반차로,5264,127.066811,37.532116,POINT (127.066811 37.532116),85798,65-2도,1121510500100650002,79,1105067,자양4동
69202,104000130,자양4동주민센터앞,일반차로,5223,127.067497,37.533632,POINT (127.067497 37.533632),104192,65-11도,1121510500100650011,79,1105067,자양4동
69204,104000128,노룬산시장앞,일반차로,5221,127.062899,37.536607,POINT (127.062899 37.536607),98485,239-1대,1121510500102390001,79,1105067,자양4동
69205,104000127,영동대교북단,일반차로,5220,127.061162,37.536568,POINT (127.061162 37.536568),98481,235-3전,1121510500102350003,79,1105067,자양4동
69207,104000125,건대로데오거리입구,일반차로,5218,127.069926,37.538919,POINT (127.069926 37.538919),247655,2-65 도,1121510500100020065,79,1105067,자양4동
69208,104000124,건대입구역6번출구,일반차로,5217,127.067279,37.540827,POINT (127.067279 37.540827),97155,8-24대,1121510500100080024,79,1105067,자양4동
69209,104000123,노룬산시장,일반차로,5216,127.062691,37.539503,POINT (127.062691 37.539503),97503,250-10대,1121510500102500010,79,1105067,자양4동
69222,104000107,국민은행신자양지점,일반차로,5200,127.066875,37.535572,POINT (127.066875 37.535572),93172,553-187대,1121510500105530187,79,1105067,자양4동
